<?xml version="1.0" encoding="UTF-8"?>
<users>
    <user>
        <name>Lyes</name>
        <lastname>Jo</lastname>
        <email>ntk@gmail.com</email>
        <number>123-123-1234</number>
        <quantity>05-06-78</quantity>
        <product>Apple-Banana-Watermelon</product>
        <price>60-55-66</price>
        <password>Admin123.</password>
    </user>
    <user>
        <name>nico</name>
        <lastname>Jo</lastname>
        <email>mmm@gmail.com</email>
        <number>123-123-1234</number>
        <quantity>05-06-78</quantity>
        <product>Apple-Banana-Watermelon</product>
        <price>66-55-66</price>
      
        <password>Admin123.</password>
    </user>
    <user>
        <name>fdb</name>
        <lastname>Jo</lastname>
        <email>bbb@gmail.com</email>
        <number>123-123-1234</number>
        <quantity>05-06-78</quantity>
        <product>Apple-Banana-Watermelon</product>
        <price>60-50-66</price>
        <password>Admin123.</password>
    </user>
</users>